{"cameraMode":{"drawMode":0,"name":"Shaded","section":"Shading Mode"},"sceneLighting":false,"audioPlay":false,"sceneViewState":{"showFog":true,"showMaterialUpdate":false,"showSkybox":false,"showFlares":true,"showImageEffects":true,"showParticleSystems":true},"in2DMode":false,"pivot":{"x":-3.7360010147094728,"y":0.5932173728942871,"z":-5.412445068359375},"rotation":{"x":0.20481683313846589,"y":-0.7550190687179565,"z":0.27722761034965517,"w":0.5578104257583618},"size":2.666025161743164,"orthographic":false}