{"cameraMode":{"drawMode":0,"name":"Shaded","section":"Shading Mode"},"sceneLighting":true,"audioPlay":false,"sceneViewState":{"showFog":true,"showMaterialUpdate":false,"showSkybox":true,"showFlares":true,"showImageEffects":true,"showParticleSystems":true},"in2DMode":false,"pivot":{"x":-101.12016296386719,"y":-146.80870056152345,"z":-44.107032775878909},"rotation":{"x":0.23279762268066407,"y":-0.7610156536102295,"z":0.36902159452438357,"w":0.48008808493614199},"size":100.36735534667969,"orthographic":false}